-- insert into "user" (age, email, gender, is_block, password, phone, refresh_token, username, address_number, street, ward, district, city, province, country, created_at, updated_at) values(20, 'nathan@gmail.com', true, false, null, '0123456789', null, 'nathan', '152', 'Điện Biên Phủ', 'Phường 25', 'Bình Thạnh', 'Thành phố Hồ Chí Minh', null, 'Việt Nam', now(), now());
-- insert into "user" (age, email, gender, is_block, password, phone, refresh_token, username, address_number, street, ward, district, city, province, country, created_at, updated_at) values(21, 'emily@gmail.com', false, false, null, '0984321589', null, 'emily', '232', 'Nguyễn Văn Hưởng', 'Thảo Điền', 'Quận 2', 'Thành phố Hồ Chí Minh', null, 'Việt Nam', now(), now());
-- insert into "user" (age, email, gender, is_block, password, phone, refresh_token, username, address_number, street, ward, district, city, province, country, created_at, updated_at) values(22, 'jack@gmail.com', true, false, null, '0984216548', null, 'jack', '268', 'P. Xã Đàn', 'Phương Liên', 'Đống Đa', 'Hà Nội', null, 'Việt Nam', now(), now());
-- insert into "user" (age, email, gender, is_block, password, phone, refresh_token, username, address_number, street, ward, district, city, province, country, created_at, updated_at) values(23, 'lou@gmail.com', false, true, null, '094532157', null, 'lou', '31-9031', 'Xin Lian Jia Yuan ', null, 'WuXi - NanChang District', 'Nam Kinh', 'Jiangsu', 'China', now(), now());
-- insert into "user" (age, email, gender, is_block, password, phone, refresh_token, username, address_number, street, ward, district, city, province, country, created_at, updated_at) values(22, 'nathan2@gmail.com', true, false, null, '021687321', null, 'nathan', '4035', 'Primrose Lane', null, null, 'Madison', 'Tennesse', 'USA', now(), now());
-- insert into "user" (age, email, gender, is_block, password, phone, refresh_token, username, address_number, street, ward, district, city, province, country, created_at, updated_at) values(20, 'illya@gmail.com', false, false, null, '0958413215', null, 'illya', 'bld. 215, appt. 15', 'Lenina Ul.', null, null, 'Novonukutskiy', 'Irkutskaya' , 'Russia', now(), now());
-- insert into "user" (age, email, gender, is_block, password, phone, refresh_token, username, address_number, street, ward, district, city, province, country, created_at, updated_at) values(20, 'juugo@gmail.com', false, false, null, '0958413215', null, 'juugo', '23-23-602', null, 'Ueno 5-chome', 'Taito-ku', 'Tokyo', null, 'Japan', now(), now());

-- 14
insert into "user" (email, username, "password", is_block, refresh_token, created_at, updated_at) values ('nathan@gmail.com', 'nathan', null, false, null, now(), now());
insert into "user" (email, username, "password", is_block, refresh_token, created_at, updated_at) values ('emily@gmail.com', 'emily', null, false, null, now(), now());
insert into "user" (email, username, "password", is_block, refresh_token, created_at, updated_at) values ('jack@gmail.com', 'jack', null, false, null, now(), now());
insert into "user" (email, username, "password", is_block, refresh_token, created_at, updated_at) values ('lou@gmail.com', 'lou', null, false, null, now(), now());
insert into "user" (email, username, "password", is_block, refresh_token, created_at, updated_at) values ('nathan2@gmail.com', 'peter', null, false, null, now(), now());
insert into "user" (email, username, "password", is_block, refresh_token, created_at, updated_at) values ('illya@gmail.com', 'illya', null, false, null, now(), now());
insert into "user" (email, username, "password", is_block, refresh_token, created_at, updated_at) values ('juugo@gmail.com', 'juugo', null, false, null, now(), now());
insert into "user" (email, username, "password", is_block, refresh_token, created_at, updated_at) values ('user1@gmail.com', 'user1', null, false, null, now(), now());
insert into "user" (email, username, "password", is_block, refresh_token, created_at, updated_at) values ('user2@gmail.com', 'user2', null, false, null, now(), now());
insert into "user" (email, username, "password", is_block, refresh_token, created_at, updated_at) values ('user3@gmail.com', 'user3', null, false, null, now(), now());
insert into "user" (email, username, "password", is_block, refresh_token, created_at, updated_at) values ('user4@gmail.com', 'user4', null, false, null, now(), now());
insert into "user" (email, username, "password", is_block, refresh_token, created_at, updated_at) values ('user5@gmail.com', 'user5', null, false, null, now(), now());
insert into "user" (email, username, "password", is_block, refresh_token, created_at, updated_at) values ('user6@gmail.com', 'user6', null, false, null, now(), now());
insert into "user" (email, username, "password", is_block, refresh_token, created_at, updated_at) values ('user7@gmail.com', 'user7', null, false, null, now(), now());

insert into user_detail (user_id, firstname, lastname, phone, age, gender, address_number, street, district, ward, province, city, country) values (1, 'nathan', 'dokain', '0123456789', 20, true, '152', 'Điện Biên Phủ', 'Phường 25', 'Bình Thạnh', 'Thành phố Hồ Chí Minh', null, 'Việt Nam');
insert into user_detail (user_id, firstname, lastname, phone, age, gender, address_number, street, district, ward, province, city, country) values (2, 'emily', 'wakins', '0986321355', 28, false, '232', 'Nguyễn Văn Hưởng', 'Thảo Điền', 'Quận 2', 'Thành phố Hồ Chí Minh', null, 'Việt Nam');
insert into user_detail (user_id, firstname, lastname, phone, age, gender, address_number, street, district, ward, province, city, country) values (3, 'jack', 'lasjedn', '0123456789', 20, true, '268', 'P. Xã Đàn', 'Phương Liên', 'Đống Đa', 'Hà Nội', null, 'Việt Nam');
insert into user_detail (user_id, firstname, lastname, phone, age, gender, address_number, street, district, ward, province, city, country) values (4, 'lou', 'dokain', '0123456789', 20, true, '31-9031', 'Xin Lian Jia Yuan ', null, 'WuXi - NanChang District', 'Nam Kinh', 'Jiangsu', 'China');
insert into user_detail (user_id, firstname, lastname, phone, age, gender, address_number, street, district, ward, province, city, country) values (5, 'peter', 'parker', '0684321351', 30, true, '4035', 'Primrose Lane', null, null, 'Madison', 'Tennesse', 'USA');
insert into user_detail (user_id, firstname, lastname, phone, age, gender, address_number, street, district, ward, province, city, country) values (6, 'illyasveil', '', '0987654321', 23, false, 'bld. 215, appt. 15', 'Lenina Ul.', null, null, 'Novonukutskiy', 'Irkutskaya' , 'Russia');
insert into user_detail (user_id, firstname, lastname, phone, age, gender, address_number, street, district, ward, province, city, country) values (7, 'juugo', '', '0154567896', 15, false, '23-23-602', null, 'Ueno 5-chome', 'Taito-ku', 'Tokyo', null, 'Japan');
insert into user_detail (user_id, firstname, lastname, phone, age, gender, address_number, street, district, ward, province, city, country) values (8, 'user1', 'family1', '0126549876', 84, false, null, null, null, null, null, null, null);
insert into user_detail (user_id, firstname, lastname, phone, age, gender, address_number, street, district, ward, province, city, country) values (9, 'user2', 'family2', '0956321652', 10, true, null, null, null, null, null, null, null);
insert into user_detail (user_id, firstname, lastname, phone, age, gender, address_number, street, district, ward, province, city, country) values (10, 'user3', 'family3', '0531216531', 92, false, null, null, null, null, null, null, null);
insert into user_detail (user_id, firstname, lastname, phone, age, gender, address_number, street, district, ward, province, city, country) values (11, 'user4', 'family4', '0135432168', 60, true, null, null, null, null, null, null, null);
insert into user_detail (user_id, firstname, lastname, phone, age, gender, address_number, street, district, ward, province, city, country) values (12, 'user5', 'family5', '0843213513', 34, false, null, null, null, null, null, null, null);
insert into user_detail (user_id, firstname, lastname, phone, age, gender, address_number, street, district, ward, province, city, country) values (13, 'user6', 'family6', '0216843213', 45, true, null, null, null, null, null, null, null);
insert into user_detail (user_id, firstname, lastname, phone, age, gender, address_number, street, district, ward, province, city, country) values (14, 'user7', 'family7', '0168321382', 52, false, null, null, null, null, null, null, null);

-- 9
insert into category (name, description, created_at, updated_at) values ('Category 1', 'Description 1', now(), now());
insert into category (name, description, created_at, updated_at) values ('Category 2', 'Description 2', now(), now());
insert into category (name, description, created_at, updated_at) values ('Category 3', 'Description 3', now(), now());
insert into category (name, description, created_at, updated_at) values ('Category 4', 'Description 4', now(), now());
insert into category (name, description, created_at, updated_at) values ('Category 5', 'Description 5', now(), now());
insert into category (name, description, created_at, updated_at) values ('Category 6', 'Description 6', now(), now());
insert into category (name, description, created_at, updated_at) values ('Category 7', 'Description 7', now(), now());
insert into category (name, description, created_at, updated_at) values ('Category 8', 'Description 8', now(), now());
insert into category (name, description, created_at, updated_at) values ('Category 9', 'Description 9', now(), now());
insert into category (name, description, created_at, updated_at) values ('Category 10', 'Description 10', now(), now());

-- 100
insert into product (name, price, amount, created_at, updated_at) values ('Product 1', 100000, 30, now(), now());
insert into product (name, price, amount, created_at, updated_at) values ('Product 2', 120000, 45, now(), now());
insert into product (name, price, amount, created_at, updated_at) values ('Product 3', 40000, 8, now(), now());
insert into product (name, price, amount, created_at, updated_at) values ('Product 4', 670000, 86, now(), now());
insert into product (name, price, amount, created_at, updated_at) values ('Product 5', 80000, 545, now(), now());
insert into product (name, price, amount, created_at, updated_at) values ('Product 6', 430000, 23, now(), now());
insert into product (name, price, amount, created_at, updated_at) values ('Product 7', 765000, 43, now(), now());
insert into product (name, price, amount, created_at, updated_at) values ('Product 8', 2000, 78, now(), now());
insert into product (name, price, amount, created_at, updated_at) values ('Product 9', 65000, 31, now(), now());
insert into product (name, price, amount, created_at, updated_at) values ('Product 10', 743000, 33, now(), now());
insert into product (name, price, amount, created_at, updated_at) values ('Product 11', 70000, 10, now(), now());
insert into product (name, price, amount, created_at, updated_at) values ('Product 12', 782000, 25, now(), now());
insert into product (name, price, amount, created_at, updated_at) values ('Product 13', 271000, 24, now(), now());
insert into product (name, price, amount, created_at, updated_at) values ('Product 14', 576000, 17, now(), now());
insert into product (name, price, amount, created_at, updated_at) values ('Product 15', 568000, 76, now(), now());
insert into product (name, price, amount, created_at, updated_at) values ('Product 16', 215000, 15, now(), now());
insert into product (name, price, amount, created_at, updated_at) values ('Product 17', 362000, 56, now(), now());
insert into product (name, price, amount, created_at, updated_at) values ('Product 18', 897000, 55, now(), now());
insert into product (name, price, amount, created_at, updated_at) values ('Product 19', 602000, 48, now(), now());
insert into product (name, price, amount, created_at, updated_at) values ('Product 20', 621000, 34, now(), now());
insert into product (name, price, amount, created_at, updated_at) values ('Product 21', 471000, 57, now(), now());
insert into product (name, price, amount, created_at, updated_at) values ('Product 22', 32000, 82, now(), now());
insert into product (name, price, amount, created_at, updated_at) values ('Product 23', 65000, 7, now(), now());
insert into product (name, price, amount, created_at, updated_at) values ('Product 24', 646000, 29, now(), now());
insert into product (name, price, amount, created_at, updated_at) values ('Product 25', 717000, 51, now(), now());
insert into product (name, price, amount, created_at, updated_at) values ('Product 26', 254000, 52, now(), now());
insert into product (name, price, amount, created_at, updated_at) values ('Product 27', 205000, 93, now(), now());
insert into product (name, price, amount, created_at, updated_at) values ('Product 28', 991000, 46, now(), now());
insert into product (name, price, amount, created_at, updated_at) values ('Product 29', 100000, 18, now(), now());
insert into product (name, price, amount, created_at, updated_at) values ('Product 30', 550000, 32, now(), now());
insert into product (name, price, amount, created_at, updated_at) values ('Product 31', 527000, 70, now(), now());
insert into product (name, price, amount, created_at, updated_at) values ('Product 32', 178000, 80, now(), now());
insert into product (name, price, amount, created_at, updated_at) values ('Product 33', 607000, 7, now(), now());
insert into product (name, price, amount, created_at, updated_at) values ('Product 34', 934000, 97, now(), now());
insert into product (name, price, amount, created_at, updated_at) values ('Product 35', 804000, 26, now(), now());
insert into product (name, price, amount, created_at, updated_at) values ('Product 36', 661000, 54, now(), now());
insert into product (name, price, amount, created_at, updated_at) values ('Product 37', 35000, 66, now(), now());
insert into product (name, price, amount, created_at, updated_at) values ('Product 38', 965000, 49, now(), now());
insert into product (name, price, amount, created_at, updated_at) values ('Product 39', 55000, 14, now(), now());
insert into product (name, price, amount, created_at, updated_at) values ('Product 40', 330000, 8, now(), now());
insert into product (name, price, amount, created_at, updated_at) values ('Product 41', 622000, 58, now(), now());
insert into product (name, price, amount, created_at, updated_at) values ('Product 42', 842000, 68, now(), now());
insert into product (name, price, amount, created_at, updated_at) values ('Product 43', 898000, 91, now(), now());
insert into product (name, price, amount, created_at, updated_at) values ('Product 44', 297000, 35, now(), now());
insert into product (name, price, amount, created_at, updated_at) values ('Product 45', 280000, 41, now(), now());
insert into product (name, price, amount, created_at, updated_at) values ('Product 46', 219000, 76, now(), now());
insert into product (name, price, amount, created_at, updated_at) values ('Product 47', 301000, 63, now(), now());
insert into product (name, price, amount, created_at, updated_at) values ('Product 48', 670000, 45, now(), now());
insert into product (name, price, amount, created_at, updated_at) values ('Product 49', 60000, 79, now(), now());
insert into product (name, price, amount, created_at, updated_at) values ('Product 50', 43000, 5, now(), now());
insert into product (name, price, amount, created_at, updated_at) values ('Product 51', 77000, 11, now(), now());
insert into product (name, price, amount, created_at, updated_at) values ('Product 52', 257000, 44, now(), now());
insert into product (name, price, amount, created_at, updated_at) values ('Product 53', 327000, 52, now(), now());
insert into product (name, price, amount, created_at, updated_at) values ('Product 54', 585000, 88, now(), now());
insert into product (name, price, amount, created_at, updated_at) values ('Product 55', 758000, 69, now(), now());
insert into product (name, price, amount, created_at, updated_at) values ('Product 56', 313000, 57, now(), now());
insert into product (name, price, amount, created_at, updated_at) values ('Product 57', 592000, 44, now(), now());
insert into product (name, price, amount, created_at, updated_at) values ('Product 58', 184000, 74, now(), now());
insert into product (name, price, amount, created_at, updated_at) values ('Product 59', 249000, 93, now(), now());
insert into product (name, price, amount, created_at, updated_at) values ('Product 60', 704000, 19, now(), now());
insert into product (name, price, amount, created_at, updated_at) values ('Product 61', 254000, 96, now(), now());
insert into product (name, price, amount, created_at, updated_at) values ('Product 62', 761000, 91, now(), now());
insert into product (name, price, amount, created_at, updated_at) values ('Product 63', 894000, 22, now(), now());
insert into product (name, price, amount, created_at, updated_at) values ('Product 64', 297000, 87, now(), now());
insert into product (name, price, amount, created_at, updated_at) values ('Product 65', 677000, 59, now(), now());
insert into product (name, price, amount, created_at, updated_at) values ('Product 66', 666000, 28, now(), now());
insert into product (name, price, amount, created_at, updated_at) values ('Product 67', 338000, 48, now(), now());
insert into product (name, price, amount, created_at, updated_at) values ('Product 68', 764000, 91, now(), now());
insert into product (name, price, amount, created_at, updated_at) values ('Product 69', 328000, 0, now(), now());
insert into product (name, price, amount, created_at, updated_at) values ('Product 70', 994000, 71, now(), now());
insert into product (name, price, amount, created_at, updated_at) values ('Product 71', 634000, 13, now(), now());
insert into product (name, price, amount, created_at, updated_at) values ('Product 72', 673000, 89, now(), now());
insert into product (name, price, amount, created_at, updated_at) values ('Product 73', 384000, 8, now(), now());
insert into product (name, price, amount, created_at, updated_at) values ('Product 74', 106000, 44, now(), now());
insert into product (name, price, amount, created_at, updated_at) values ('Product 75', 694000, 81, now(), now());
insert into product (name, price, amount, created_at, updated_at) values ('Product 76', 952000, 87, now(), now());
insert into product (name, price, amount, created_at, updated_at) values ('Product 77', 875000, 42, now(), now());
insert into product (name, price, amount, created_at, updated_at) values ('Product 78', 197000, 24, now(), now());
insert into product (name, price, amount, created_at, updated_at) values ('Product 79', 591000, 43, now(), now());
insert into product (name, price, amount, created_at, updated_at) values ('Product 80', 191000, 38, now(), now());
insert into product (name, price, amount, created_at, updated_at) values ('Product 81', 813000, 41, now(), now());
insert into product (name, price, amount, created_at, updated_at) values ('Product 82', 952000, 39, now(), now());
insert into product (name, price, amount, created_at, updated_at) values ('Product 83', 200000, 64, now(), now());
insert into product (name, price, amount, created_at, updated_at) values ('Product 84', 227000, 56, now(), now());
insert into product (name, price, amount, created_at, updated_at) values ('Product 85', 810000, 86, now(), now());
insert into product (name, price, amount, created_at, updated_at) values ('Product 86', 946000, 59, now(), now());
insert into product (name, price, amount, created_at, updated_at) values ('Product 87', 87000, 17, now(), now());
insert into product (name, price, amount, created_at, updated_at) values ('Product 88', 493000, 88, now(), now());
insert into product (name, price, amount, created_at, updated_at) values ('Product 89', 761000, 80, now(), now());
insert into product (name, price, amount, created_at, updated_at) values ('Product 90', 52000, 28, now(), now());
insert into product (name, price, amount, created_at, updated_at) values ('Product 91', 517000, 74, now(), now());
insert into product (name, price, amount, created_at, updated_at) values ('Product 92', 646000, 18, now(), now());
insert into product (name, price, amount, created_at, updated_at) values ('Product 93', 898000, 81, now(), now());
insert into product (name, price, amount, created_at, updated_at) values ('Product 94', 978000, 71, now(), now());
insert into product (name, price, amount, created_at, updated_at) values ('Product 95', 322000, 75, now(), now());
insert into product (name, price, amount, created_at, updated_at) values ('Product 96', 930000, 66, now(), now());
insert into product (name, price, amount, created_at, updated_at) values ('Product 97', 240000, 23, now(), now());
insert into product (name, price, amount, created_at, updated_at) values ('Product 98', 688000, 5, now(), now());
insert into product (name, price, amount, created_at, updated_at) values ('Product 99', 377000, 3, now(), now());
insert into product (name, price, amount, created_at, updated_at) values ('Product 100', 658000, 52, now(), now());

-- 15
insert into product_category (product_id,  category_id) values (1, 1);
insert into product_category (product_id,  category_id) values (1, 2);
insert into product_category (product_id,  category_id) values (1, 3);
insert into product_category (product_id,  category_id) values (2, 4);
insert into product_category (product_id,  category_id) values (2, 5);
insert into product_category (product_id,  category_id) values (3, 2);
insert into product_category (product_id,  category_id) values (3, 1);
insert into product_category (product_id,  category_id) values (3, 5);
insert into product_category (product_id,  category_id) values (3, 6);
insert into product_category (product_id,  category_id) values (3, 8);
insert into product_category (product_id,  category_id) values (4, 2);
insert into product_category (product_id,  category_id) values (6, 1);
insert into product_category (product_id,  category_id) values (7, 1);
insert into product_category (product_id,  category_id) values (8, 7);
insert into product_category (product_id,  category_id) values (9, 9);

-- 9
insert into "order" (user_id, total_price, created_at, updated_at) values (1, 234000, now(), now());
insert into "order" (user_id, total_price, created_at, updated_at) values (2, 567000, now(), now());
insert into "order" (user_id, total_price, created_at, updated_at) values (3, 567564, now(), now());
insert into "order" (user_id, total_price, created_at, updated_at) values (3, 325346, now(), now());
insert into "order" (user_id, total_price, created_at, updated_at) values (2, 5567565, now(), now());
insert into "order" (user_id, total_price, created_at, updated_at) values (4, 75642233, now(), now());
insert into "order" (user_id, total_price, created_at, updated_at) values (5, 265553.344, now(), now());
insert into "order" (user_id, total_price, created_at, updated_at) values (1, 5756545.564, now(), now());
insert into "order" (user_id, total_price, created_at, updated_at) values (6, 2322354656, now(), now());

-- Not use, total_price will be generate by code
-- INSERT INTO public."order" (id, user_id, total_price, created_at, updated_at) VALUES(1, 1, 49130000, '2024-05-16 10:10:20.730', '2024-05-16 10:10:23.457');
-- INSERT INTO public."order" (id, user_id, total_price, created_at, updated_at) VALUES(2, 2, 21100000, '2024-05-16 10:10:20.732', '2024-05-16 10:10:23.469');
-- INSERT INTO public."order" (id, user_id, total_price, created_at, updated_at) VALUES(3, 3, 21390000, '2024-05-16 10:10:20.733', '2024-05-16 10:10:23.469');
-- INSERT INTO public."order" (id, user_id, total_price, created_at, updated_at) VALUES(4, 3, 66815000, '2024-05-16 10:10:20.733', '2024-05-16 10:10:23.470');
-- INSERT INTO public."order" (id, user_id, total_price, created_at, updated_at) VALUES(5, 2, 13234000, '2024-05-16 10:10:20.734', '2024-05-16 10:10:23.470');
-- INSERT INTO public."order" (id, user_id, total_price, created_at, updated_at) VALUES(6, 4, 37672000, '2024-05-16 10:10:20.734', '2024-05-16 10:10:23.470');
-- INSERT INTO public."order" (id, user_id, total_price, created_at, updated_at) VALUES(7, 5, 62518000, '2024-05-16 10:10:20.735', '2024-05-16 10:10:23.470');
-- INSERT INTO public."order" (id, user_id, total_price, created_at, updated_at) VALUES(8, 1, 60396000, '2024-05-16 10:10:20.735', '2024-05-16 10:10:23.471');
-- INSERT INTO public."order" (id, user_id, total_price, created_at, updated_at) VALUES(9, 6, 17888000, '2024-05-16 10:10:20.735', '2024-05-16 10:10:23.471');

-- 24
insert into order_detail (order_id, product_id, amount) values (1, 1, 1);
insert into order_detail (order_id, product_id, amount) values (1, 45, 43);
insert into order_detail (order_id, product_id, amount) values (1, 30, 10);
insert into order_detail (order_id, product_id, amount) values (1, 4, 47);
insert into order_detail (order_id, product_id, amount) values (2, 37, 38);
insert into order_detail (order_id, product_id, amount) values (2, 96, 12);
insert into order_detail (order_id, product_id, amount) values (2, 27, 42);
insert into order_detail (order_id, product_id, amount) values (3, 96, 23);
insert into order_detail (order_id, product_id, amount) values (4, 33, 35);
insert into order_detail (order_id, product_id, amount) values (4, 96, 49);
insert into order_detail (order_id, product_id, amount) values (5, 41, 17);
insert into order_detail (order_id, product_id, amount) values (5, 11, 38);
insert into order_detail (order_id, product_id, amount) values (6, 67, 34);
insert into order_detail (order_id, product_id, amount) values (6, 37, 44);
insert into order_detail (order_id, product_id, amount) values (6, 60, 35);
insert into order_detail (order_id, product_id, amount) values (7, 91, 16);
insert into order_detail (order_id, product_id, amount) values (7, 4, 47);
insert into order_detail (order_id, product_id, amount) values (7, 67, 26);
insert into order_detail (order_id, product_id, amount) values (7, 66, 4);
insert into order_detail (order_id, product_id, amount) values (7, 21, 24);
insert into order_detail (order_id, product_id, amount) values (8, 75, 6);
insert into order_detail (order_id, product_id, amount) values (8, 14, 39);
insert into order_detail (order_id, product_id, amount) values (8, 35, 42);
insert into order_detail (order_id, product_id, amount) values (9, 98, 26);


insert into supplier (name, address_number, street, ward, district, city, province, country, created_at, updated_at) values ('Supplier A', '123', 'Street A', 'Ward A', 'District A', 'City A', 'Province A', 'Country A', now(), now());
insert into supplier (name, address_number, street, ward, district, city, province, country, created_at, updated_at) values ('Supplier B', '1234/43', 'Street B', 'Ward B', 'District M', 'City R', 'Province A', 'Country A', now(), now());
insert into supplier (name, address_number, street, ward, district, city, province, country, created_at, updated_at) values ('Supplier C', '4367/3/43/3', 'Street C', 'Ward A', 'District B', 'City L', 'Province l', 'Country A', now(), now());
insert into supplier (name, address_number, street, ward, district, city, province, country, created_at, updated_at) values ('Supplier D', '1', 'Street G', 'Ward A', 'District T', 'City R', 'Province AS', 'Country D', now(), now());
insert into supplier (name, address_number, street, ward, district, city, province, country, created_at, updated_at) values ('Supplier E', '87/23/3', 'Street U', 'Ward V', 'District O', 'City V', 'Province I', 'Country A', now(), now());
insert into supplier (name, address_number, street, ward, district, city, province, country, created_at, updated_at) values ('Supplier F', '93/33', 'Street I', 'Ward FD', 'District A', 'City E', 'Province A', 'Country C', now(), now());
insert into supplier (name, address_number, street, ward, district, city, province, country, created_at, updated_at) values ('Supplier G', '567', 'Street J', 'Ward B', 'District P', 'City WA', 'Province H', 'Country B', now(), now());
insert into supplier (name, address_number, street, ward, district, city, province, country, created_at, updated_at) values ('Supplier H', '8675', 'Street W', 'Ward A', 'District Q', 'City A', 'Province U', 'Country B', now(), now());

insert into import_bill(name, import_date, supplier_id, created_at, updated_at) values ('import bill 1', now(), 1, now(), now());
insert into import_bill(name, import_date, supplier_id, created_at, updated_at) values ('import bill 2', now(), 1, now(), now());
insert into import_bill(name, import_date, supplier_id, created_at, updated_at) values ('import bill 3', now(), 3, now(), now());
insert into import_bill(name, import_date, supplier_id, created_at, updated_at) values ('import bill 4', now(), 4, now(), now());
insert into import_bill(name, import_date, supplier_id, created_at, updated_at) values ('import bill 5', now(), 6, now(), now());
insert into import_bill(name, import_date, supplier_id, created_at, updated_at) values ('import bill 6', now(), 5, now(), now());
insert into import_bill(name, import_date, supplier_id, created_at, updated_at) values ('import bill 7', now(), 2, now(), now());
insert into import_bill(name, import_date, supplier_id, created_at, updated_at) values ('import bill 8', now(), 4, now(), now());
insert into import_bill(name, import_date, supplier_id, created_at, updated_at) values ('import bill 8', now(), 5, now(), now());
insert into import_bill(name, import_date, supplier_id, created_at, updated_at) values ('import bill 8', now(), 7, now(), now());
insert into import_bill(name, import_date, supplier_id, created_at, updated_at) values ('import bill 8', now(), 5, now(), now());
insert into import_bill(name, import_date, supplier_id, created_at, updated_at) values ('import bill 8', now(), 3, now(), now());

insert into product_importbill(importbill_id, product_id) values (1, 1);
insert into product_importbill(importbill_id, product_id) values (1, 2);
insert into product_importbill(importbill_id, product_id) values (1, 3);
insert into product_importbill(importbill_id, product_id) values (2, 8);
insert into product_importbill(importbill_id, product_id) values (2, 6);
insert into product_importbill(importbill_id, product_id) values (2, 1);
insert into product_importbill(importbill_id, product_id) values (2, 9);
insert into product_importbill(importbill_id, product_id) values (2, 3);
insert into product_importbill(importbill_id, product_id) values (3, 4);
insert into product_importbill(importbill_id, product_id) values (3, 5);
insert into product_importbill(importbill_id, product_id) values (3, 1);
insert into product_importbill(importbill_id, product_id) values (3, 9);
insert into product_importbill(importbill_id, product_id) values (3, 8);
insert into product_importbill(importbill_id, product_id) values (4, 4);
insert into product_importbill(importbill_id, product_id) values (4, 3);
insert into product_importbill(importbill_id, product_id) values (4, 7);
insert into product_importbill(importbill_id, product_id) values (4, 1);
insert into product_importbill(importbill_id, product_id) values (4, 9);
insert into product_importbill(importbill_id, product_id) values (4, 2);
insert into product_importbill(importbill_id, product_id) values (5, 9);
insert into product_importbill(importbill_id, product_id) values (6, 3);
insert into product_importbill(importbill_id, product_id) values (6, 4);
insert into product_importbill(importbill_id, product_id) values (6, 2);
insert into product_importbill(importbill_id, product_id) values (6, 7);
insert into product_importbill(importbill_id, product_id) values (7, 7);
insert into product_importbill(importbill_id, product_id) values (7, 4);
insert into product_importbill(importbill_id, product_id) values (7, 3);
insert into product_importbill(importbill_id, product_id) values (7, 1);
insert into product_importbill(importbill_id, product_id) values (7, 10);
insert into product_importbill(importbill_id, product_id) values (7, 2);
insert into product_importbill(importbill_id, product_id) values (8, 3);
insert into product_importbill(importbill_id, product_id) values (8, 9);
insert into product_importbill(importbill_id, product_id) values (8, 8);
insert into product_importbill(importbill_id, product_id) values (8, 10);
insert into product_importbill(importbill_id, product_id) values (8, 1);
insert into product_importbill(importbill_id, product_id) values (9, 9);
insert into product_importbill(importbill_id, product_id) values (9, 8);
insert into product_importbill(importbill_id, product_id) values (9, 1);
insert into product_importbill(importbill_id, product_id) values (10, 5);
insert into product_importbill(importbill_id, product_id) values (10, 7);
insert into product_importbill(importbill_id, product_id) values (11, 5);
insert into product_importbill(importbill_id, product_id) values (11, 7);
insert into product_importbill(importbill_id, product_id) values (11, 6);
insert into product_importbill(importbill_id, product_id) values (12, 10);

-- 103
insert into image(product_id, url, name, description, created_at, updated_at) values(1, 'image1.jpg', 'Product 1 Thumbnail', 'Image of product 1', now(), now());
insert into image(product_id, url, name, description, created_at, updated_at) values(1, 'image1-2.jpg', 'Product 1 Image', 'Additional Image of product 1', now(), now());
insert into image(product_id, url, name, description, created_at, updated_at) values(1, 'image1-3.jpg', 'Product 1 Image', 'Back Image of product 1', now(), now());
insert into image(product_id, url, name, description, created_at, updated_at) values(1, 'image1-4.jpg', 'Product 1 IMage', 'Topdown Image of product 1', now(), now());
-- insert into image(product_id, url, name, description, created_at, updated_at) values(2, 'image2.jpg', 'Product 2 Thumbnail', 'Image of product 2', now(), now());
-- insert into image(product_id, url, name, description, created_at, updated_at) values(3, 'image3.jpg', 'Product 3 Thumbnail', 'Image of product 3', now(), now());
-- insert into image(product_id, url, name, description, created_at, updated_at) values(4, 'image4.jpg', 'Product 4 Thumbnail', 'Image of product 4', now(), now());
-- insert into image(product_id, url, name, description, created_at, updated_at) values(5, 'image5.jpg', 'Product 5 Thumbnail', 'Image of product 5', now(), now());
-- insert into image(product_id, url, name, description, created_at, updated_at) values(6, 'image6.jpg', 'Product 6 Thumbnail', 'Image of product 6', now(), now());
-- insert into image(product_id, url, name, description, created_at, updated_at) values(7, 'image7.jpg', 'Product 7 Thumbnail', 'Image of product 7', now(), now());
-- insert into image(product_id, url, name, description, created_at, updated_at) values(8, 'image8.jpg', 'Product 8 Thumbnail', 'Image of product 8', now(), now());
-- insert into image(product_id, url, name, description, created_at, updated_at) values(9, 'image9.jpg', 'Product 9 Thumbnail', 'Image of product 9', now(), now());
insert into image(product_id, url, name, description, created_at, updated_at) values(10, 'image10.jpg', 'Product 10 Thumbnail', 'Image of product 10', now(), now());
insert into image(product_id, url, name, description, created_at, updated_at) values(11, 'image11.jpg', 'Product 11 Thumbnail', 'Image of product 11', now(), now());
insert into image(product_id, url, name, description, created_at, updated_at) values(12, 'image12.jpg', 'Product 12 Thumbnail', 'Image of product 12', now(), now());
insert into image(product_id, url, name, description, created_at, updated_at) values(13, 'image13.jpg', 'Product 13 Thumbnail', 'Image of product 13', now(), now());
insert into image(product_id, url, name, description, created_at, updated_at) values(14, 'image14.jpg', 'Product 14 Thumbnail', 'Image of product 14', now(), now());
insert into image(product_id, url, name, description, created_at, updated_at) values(15, 'image15.jpg', 'Product 15 Thumbnail', 'Image of product 15', now(), now());
insert into image(product_id, url, name, description, created_at, updated_at) values(16, 'image16.jpg', 'Product 16 Thumbnail', 'Image of product 16', now(), now());
insert into image(product_id, url, name, description, created_at, updated_at) values(17, 'image17.jpg', 'Product 17 Thumbnail', 'Image of product 17', now(), now());
insert into image(product_id, url, name, description, created_at, updated_at) values(18, 'image18.jpg', 'Product 18 Thumbnail', 'Image of product 18', now(), now());
insert into image(product_id, url, name, description, created_at, updated_at) values(19, 'image19.jpg', 'Product 19 Thumbnail', 'Image of product 19', now(), now());
insert into image(product_id, url, name, description, created_at, updated_at) values(20, 'image20.jpg', 'Product 20 Thumbnail', 'Image of product 20', now(), now());
insert into image(product_id, url, name, description, created_at, updated_at) values(21, 'image21.jpg', 'Product 21 Thumbnail', 'Image of product 21', now(), now());
insert into image(product_id, url, name, description, created_at, updated_at) values(22, 'image22.jpg', 'Product 22 Thumbnail', 'Image of product 22', now(), now());
insert into image(product_id, url, name, description, created_at, updated_at) values(23, 'image23.jpg', 'Product 23 Thumbnail', 'Image of product 23', now(), now());
insert into image(product_id, url, name, description, created_at, updated_at) values(24, 'image24.jpg', 'Product 24 Thumbnail', 'Image of product 24', now(), now());
insert into image(product_id, url, name, description, created_at, updated_at) values(25, 'image25.jpg', 'Product 25 Thumbnail', 'Image of product 25', now(), now());
insert into image(product_id, url, name, description, created_at, updated_at) values(26, 'image26.jpg', 'Product 26 Thumbnail', 'Image of product 26', now(), now());
insert into image(product_id, url, name, description, created_at, updated_at) values(27, 'image27.jpg', 'Product 27 Thumbnail', 'Image of product 27', now(), now());
insert into image(product_id, url, name, description, created_at, updated_at) values(28, 'image28.jpg', 'Product 28 Thumbnail', 'Image of product 28', now(), now());
insert into image(product_id, url, name, description, created_at, updated_at) values(29, 'image29.jpg', 'Product 29 Thumbnail', 'Image of product 29', now(), now());
insert into image(product_id, url, name, description, created_at, updated_at) values(30, 'image30.jpg', 'Product 30 Thumbnail', 'Image of product 30', now(), now());
insert into image(product_id, url, name, description, created_at, updated_at) values(31, 'image31.jpg', 'Product 31 Thumbnail', 'Image of product 31', now(), now());
insert into image(product_id, url, name, description, created_at, updated_at) values(32, 'image32.jpg', 'Product 32 Thumbnail', 'Image of product 32', now(), now());
insert into image(product_id, url, name, description, created_at, updated_at) values(33, 'image33.jpg', 'Product 33 Thumbnail', 'Image of product 33', now(), now());
insert into image(product_id, url, name, description, created_at, updated_at) values(34, 'image34.jpg', 'Product 34 Thumbnail', 'Image of product 34', now(), now());
insert into image(product_id, url, name, description, created_at, updated_at) values(35, 'image35.jpg', 'Product 35 Thumbnail', 'Image of product 35', now(), now());
insert into image(product_id, url, name, description, created_at, updated_at) values(36, 'image36.jpg', 'Product 36 Thumbnail', 'Image of product 36', now(), now());
insert into image(product_id, url, name, description, created_at, updated_at) values(37, 'image37.jpg', 'Product 37 Thumbnail', 'Image of product 37', now(), now());
insert into image(product_id, url, name, description, created_at, updated_at) values(38, 'image38.jpg', 'Product 38 Thumbnail', 'Image of product 38', now(), now());
insert into image(product_id, url, name, description, created_at, updated_at) values(39, 'image39.jpg', 'Product 39 Thumbnail', 'Image of product 39', now(), now());
insert into image(product_id, url, name, description, created_at, updated_at) values(40, 'image40.jpg', 'Product 40 Thumbnail', 'Image of product 40', now(), now());
insert into image(product_id, url, name, description, created_at, updated_at) values(41, 'image41.jpg', 'Product 41 Thumbnail', 'Image of product 41', now(), now());
insert into image(product_id, url, name, description, created_at, updated_at) values(42, 'image42.jpg', 'Product 42 Thumbnail', 'Image of product 42', now(), now());
insert into image(product_id, url, name, description, created_at, updated_at) values(43, 'image43.jpg', 'Product 43 Thumbnail', 'Image of product 43', now(), now());
insert into image(product_id, url, name, description, created_at, updated_at) values(44, 'image44.jpg', 'Product 44 Thumbnail', 'Image of product 44', now(), now());
insert into image(product_id, url, name, description, created_at, updated_at) values(45, 'image45.jpg', 'Product 45 Thumbnail', 'Image of product 45', now(), now());
insert into image(product_id, url, name, description, created_at, updated_at) values(46, 'image46.jpg', 'Product 46 Thumbnail', 'Image of product 46', now(), now());
insert into image(product_id, url, name, description, created_at, updated_at) values(47, 'image47.jpg', 'Product 47 Thumbnail', 'Image of product 47', now(), now());
insert into image(product_id, url, name, description, created_at, updated_at) values(48, 'image48.jpg', 'Product 48 Thumbnail', 'Image of product 48', now(), now());
insert into image(product_id, url, name, description, created_at, updated_at) values(49, 'image49.jpg', 'Product 49 Thumbnail', 'Image of product 49', now(), now());
insert into image(product_id, url, name, description, created_at, updated_at) values(50, 'image50.jpg', 'Product 50 Thumbnail', 'Image of product 50', now(), now());
insert into image(product_id, url, name, description, created_at, updated_at) values(51, 'image51.jpg', 'Product 51 Thumbnail', 'Image of product 51', now(), now());
insert into image(product_id, url, name, description, created_at, updated_at) values(52, 'image52.jpg', 'Product 52 Thumbnail', 'Image of product 52', now(), now());
insert into image(product_id, url, name, description, created_at, updated_at) values(53, 'image53.jpg', 'Product 53 Thumbnail', 'Image of product 53', now(), now());
insert into image(product_id, url, name, description, created_at, updated_at) values(54, 'image54.jpg', 'Product 54 Thumbnail', 'Image of product 54', now(), now());
insert into image(product_id, url, name, description, created_at, updated_at) values(55, 'image55.jpg', 'Product 55 Thumbnail', 'Image of product 55', now(), now());
insert into image(product_id, url, name, description, created_at, updated_at) values(56, 'image56.jpg', 'Product 56 Thumbnail', 'Image of product 56', now(), now());
insert into image(product_id, url, name, description, created_at, updated_at) values(57, 'image57.jpg', 'Product 57 Thumbnail', 'Image of product 57', now(), now());
insert into image(product_id, url, name, description, created_at, updated_at) values(58, 'image58.jpg', 'Product 58 Thumbnail', 'Image of product 58', now(), now());
insert into image(product_id, url, name, description, created_at, updated_at) values(59, 'image59.jpg', 'Product 59 Thumbnail', 'Image of product 59', now(), now());
insert into image(product_id, url, name, description, created_at, updated_at) values(60, 'image60.jpg', 'Product 60 Thumbnail', 'Image of product 60', now(), now());
insert into image(product_id, url, name, description, created_at, updated_at) values(61, 'image61.jpg', 'Product 61 Thumbnail', 'Image of product 61', now(), now());
insert into image(product_id, url, name, description, created_at, updated_at) values(62, 'image62.jpg', 'Product 62 Thumbnail', 'Image of product 62', now(), now());
insert into image(product_id, url, name, description, created_at, updated_at) values(63, 'image63.jpg', 'Product 63 Thumbnail', 'Image of product 63', now(), now());
insert into image(product_id, url, name, description, created_at, updated_at) values(64, 'image64.jpg', 'Product 64 Thumbnail', 'Image of product 64', now(), now());
insert into image(product_id, url, name, description, created_at, updated_at) values(65, 'image65.jpg', 'Product 65 Thumbnail', 'Image of product 65', now(), now());
insert into image(product_id, url, name, description, created_at, updated_at) values(66, 'image66.jpg', 'Product 66 Thumbnail', 'Image of product 66', now(), now());
insert into image(product_id, url, name, description, created_at, updated_at) values(67, 'image67.jpg', 'Product 67 Thumbnail', 'Image of product 67', now(), now());
insert into image(product_id, url, name, description, created_at, updated_at) values(68, 'image68.jpg', 'Product 68 Thumbnail', 'Image of product 68', now(), now());
insert into image(product_id, url, name, description, created_at, updated_at) values(69, 'image69.jpg', 'Product 69 Thumbnail', 'Image of product 69', now(), now());
insert into image(product_id, url, name, description, created_at, updated_at) values(70, 'image70.jpg', 'Product 70 Thumbnail', 'Image of product 70', now(), now());
insert into image(product_id, url, name, description, created_at, updated_at) values(71, 'image71.jpg', 'Product 71 Thumbnail', 'Image of product 71', now(), now());
insert into image(product_id, url, name, description, created_at, updated_at) values(72, 'image72.jpg', 'Product 72 Thumbnail', 'Image of product 72', now(), now());
insert into image(product_id, url, name, description, created_at, updated_at) values(73, 'image73.jpg', 'Product 73 Thumbnail', 'Image of product 73', now(), now());
insert into image(product_id, url, name, description, created_at, updated_at) values(74, 'image74.jpg', 'Product 74 Thumbnail', 'Image of product 74', now(), now());
insert into image(product_id, url, name, description, created_at, updated_at) values(75, 'image75.jpg', 'Product 75 Thumbnail', 'Image of product 75', now(), now());
insert into image(product_id, url, name, description, created_at, updated_at) values(76, 'image76.jpg', 'Product 76 Thumbnail', 'Image of product 76', now(), now());
insert into image(product_id, url, name, description, created_at, updated_at) values(77, 'image77.jpg', 'Product 77 Thumbnail', 'Image of product 77', now(), now());
insert into image(product_id, url, name, description, created_at, updated_at) values(78, 'image78.jpg', 'Product 78 Thumbnail', 'Image of product 78', now(), now());
insert into image(product_id, url, name, description, created_at, updated_at) values(79, 'image79.jpg', 'Product 79 Thumbnail', 'Image of product 79', now(), now());
insert into image(product_id, url, name, description, created_at, updated_at) values(80, 'image80.jpg', 'Product 80 Thumbnail', 'Image of product 80', now(), now());
insert into image(product_id, url, name, description, created_at, updated_at) values(81, 'image81.jpg', 'Product 81 Thumbnail', 'Image of product 81', now(), now());
insert into image(product_id, url, name, description, created_at, updated_at) values(82, 'image82.jpg', 'Product 82 Thumbnail', 'Image of product 82', now(), now());
insert into image(product_id, url, name, description, created_at, updated_at) values(83, 'image83.jpg', 'Product 83 Thumbnail', 'Image of product 83', now(), now());
insert into image(product_id, url, name, description, created_at, updated_at) values(84, 'image84.jpg', 'Product 84 Thumbnail', 'Image of product 84', now(), now());
insert into image(product_id, url, name, description, created_at, updated_at) values(85, 'image85.jpg', 'Product 85 Thumbnail', 'Image of product 85', now(), now());
insert into image(product_id, url, name, description, created_at, updated_at) values(86, 'image86.jpg', 'Product 86 Thumbnail', 'Image of product 86', now(), now());
insert into image(product_id, url, name, description, created_at, updated_at) values(87, 'image87.jpg', 'Product 87 Thumbnail', 'Image of product 87', now(), now());
insert into image(product_id, url, name, description, created_at, updated_at) values(88, 'image88.jpg', 'Product 88 Thumbnail', 'Image of product 88', now(), now());
insert into image(product_id, url, name, description, created_at, updated_at) values(89, 'image89.jpg', 'Product 89 Thumbnail', 'Image of product 89', now(), now());
insert into image(product_id, url, name, description, created_at, updated_at) values(90, 'image90.jpg', 'Product 90 Thumbnail', 'Image of product 90', now(), now());
insert into image(product_id, url, name, description, created_at, updated_at) values(91, 'image91.jpg', 'Product 91 Thumbnail', 'Image of product 91', now(), now());
insert into image(product_id, url, name, description, created_at, updated_at) values(92, 'image92.jpg', 'Product 92 Thumbnail', 'Image of product 92', now(), now());
insert into image(product_id, url, name, description, created_at, updated_at) values(93, 'image93.jpg', 'Product 93 Thumbnail', 'Image of product 93', now(), now());
insert into image(product_id, url, name, description, created_at, updated_at) values(94, 'image94.jpg', 'Product 94 Thumbnail', 'Image of product 94', now(), now());
insert into image(product_id, url, name, description, created_at, updated_at) values(95, 'image95.jpg', 'Product 95 Thumbnail', 'Image of product 95', now(), now());
insert into image(product_id, url, name, description, created_at, updated_at) values(96, 'image96.jpg', 'Product 96 Thumbnail', 'Image of product 96', now(), now());
insert into image(product_id, url, name, description, created_at, updated_at) values(97, 'image97.jpg', 'Product 97 Thumbnail', 'Image of product 97', now(), now());
insert into image(product_id, url, name, description, created_at, updated_at) values(98, 'image98.jpg', 'Product 98 Thumbnail', 'Image of product 98', now(), now());
insert into image(product_id, url, name, description, created_at, updated_at) values(99, 'image99.jpg', 'Product 99 Thumbnail', 'Image of product 99', now(), now());


insert into rate (user_id, product_id, score, created_at, updated_at) VALUES(1, 1, 10, now(), now());
insert into rate (user_id, product_id, score, created_at, updated_at) VALUES(1, 1, 1, now(), now());
insert into rate (user_id, product_id, score, created_at, updated_at) VALUES(2, 90, 5, now(), now());
insert into rate (user_id, product_id, score, created_at, updated_at) VALUES(5, 6, 10, now(), now());
insert into rate (user_id, product_id, score, created_at, updated_at) VALUES(12, 46, 6, now(), now());
insert into rate (user_id, product_id, score, created_at, updated_at) VALUES(10, 11, 5, now(), now());
insert into rate (user_id, product_id, score, created_at, updated_at) VALUES(10, 12, 2, now(), now());
insert into rate (user_id, product_id, score, created_at, updated_at) VALUES(10, 100, 10, now(), now());
insert into rate (user_id, product_id, score, created_at, updated_at) VALUES(12, 14, 7, now(), now());
insert into rate (user_id, product_id, score, created_at, updated_at) VALUES(10, 50, 8, now(), now());
insert into rate (user_id, product_id, score, created_at, updated_at) VALUES(8, 90, 9, now(), now());
insert into rate (user_id, product_id, score, created_at, updated_at) VALUES(5, 47, 6, now(), now());
insert into rate (user_id, product_id, score, created_at, updated_at) VALUES(5, 52, 10, now(), now());
insert into rate (user_id, product_id, score, created_at, updated_at) VALUES(11, 75, 8, now(), now());
insert into rate (user_id, product_id, score, created_at, updated_at) VALUES(11, 20, 6, now(), now());
insert into rate (user_id, product_id, score, created_at, updated_at) VALUES(3, 64, 3, now(), now());
insert into rate (user_id, product_id, score, created_at, updated_at) VALUES(6, 83, 8, now(), now());
insert into rate (user_id, product_id, score, created_at, updated_at) VALUES(12, 26, 8, now(), now());
insert into rate (user_id, product_id, score, created_at, updated_at) VALUES(8, 88, 3, now(), now());
insert into rate (user_id, product_id, score, created_at, updated_at) VALUES(4, 39, 5, now(), now());
insert into rate (user_id, product_id, score, created_at, updated_at) VALUES(10, 86, 9, now(), now());
insert into rate (user_id, product_id, score, created_at, updated_at) VALUES(4, 83, 1, now(), now());
insert into rate (user_id, product_id, score, created_at, updated_at) VALUES(13, 49, 4, now(), now());
insert into rate (user_id, product_id, score, created_at, updated_at) VALUES(5, 9, 4, now(), now());
insert into rate (user_id, product_id, score, created_at, updated_at) VALUES(13, 7, 7, now(), now());
insert into rate (user_id, product_id, score, created_at, updated_at) VALUES(4, 50, 5, now(), now());
insert into rate (user_id, product_id, score, created_at, updated_at) VALUES(12, 16, 10, now(), now());
insert into rate (user_id, product_id, score, created_at, updated_at) VALUES(14, 20, 8, now(), now());
insert into rate (user_id, product_id, score, created_at, updated_at) VALUES(3, 29, 2, now(), now());
insert into rate (user_id, product_id, score, created_at, updated_at) VALUES(1, 25, 10, now(), now());
insert into rate (user_id, product_id, score, created_at, updated_at) VALUES(11, 8, 10, now(), now());
insert into rate (user_id, product_id, score, created_at, updated_at) VALUES(5, 50, 3, now(), now());
insert into rate (user_id, product_id, score, created_at, updated_at) VALUES(10, 52, 8, now(), now());
insert into rate (user_id, product_id, score, created_at, updated_at) VALUES(1, 78, 6, now(), now());
insert into rate (user_id, product_id, score, created_at, updated_at) VALUES(6, 40, 10, now(), now());
insert into rate (user_id, product_id, score, created_at, updated_at) VALUES(5, 97, 5, now(), now());
insert into rate (user_id, product_id, score, created_at, updated_at) VALUES(9, 48, 2, now(), now());
insert into rate (user_id, product_id, score, created_at, updated_at) VALUES(3, 12, 3, now(), now());
insert into rate (user_id, product_id, score, created_at, updated_at) VALUES(14, 85, 9, now(), now());
insert into rate (user_id, product_id, score, created_at, updated_at) VALUES(9, 21, 7, now(), now());
insert into rate (user_id, product_id, score, created_at, updated_at) VALUES(14, 58, 4, now(), now());
insert into rate (user_id, product_id, score, created_at, updated_at) VALUES(5, 20, 4, now(), now());
insert into rate (user_id, product_id, score, created_at, updated_at) VALUES(9, 14, 7, now(), now());
insert into rate (user_id, product_id, score, created_at, updated_at) VALUES(1, 20, 5, now(), now());
insert into rate (user_id, product_id, score, created_at, updated_at) VALUES(9, 39, 1, now(), now());
insert into rate (user_id, product_id, score, created_at, updated_at) VALUES(9, 7, 5, now(), now());
insert into rate (user_id, product_id, score, created_at, updated_at) VALUES(8, 5, 10, now(), now());
insert into rate (user_id, product_id, score, created_at, updated_at) VALUES(12, 100, 5, now(), now());
insert into rate (user_id, product_id, score, created_at, updated_at) VALUES(7, 43, 10, now(), now());
insert into rate (user_id, product_id, score, created_at, updated_at) VALUES(8, 67, 7, now(), now());
insert into rate (user_id, product_id, score, created_at, updated_at) VALUES(3, 46, 3, now(), now());
insert into rate (user_id, product_id, score, created_at, updated_at) VALUES(4, 51, 6, now(), now());
insert into rate (user_id, product_id, score, created_at, updated_at) VALUES(6, 26, 10, now(), now());
insert into rate (user_id, product_id, score, created_at, updated_at) VALUES(14, 12, 5, now(), now());
insert into rate (user_id, product_id, score, created_at, updated_at) VALUES(4, 27, 6, now(), now());
insert into rate (user_id, product_id, score, created_at, updated_at) VALUES(3, 19, 10, now(), now());
insert into rate (user_id, product_id, score, created_at, updated_at) VALUES(10, 75, 9, now(), now());
insert into rate (user_id, product_id, score, created_at, updated_at) VALUES(8, 20, 5, now(), now());
insert into rate (user_id, product_id, score, created_at, updated_at) VALUES(12, 19, 3, now(), now());
insert into rate (user_id, product_id, score, created_at, updated_at) VALUES(8, 49, 9, now(), now());
insert into rate (user_id, product_id, score, created_at, updated_at) VALUES(9, 33, 1, now(), now());
insert into rate (user_id, product_id, score, created_at, updated_at) VALUES(11, 33, 9, now(), now());
insert into rate (user_id, product_id, score, created_at, updated_at) VALUES(7, 33, 8, now(), now());
insert into rate (user_id, product_id, score, created_at, updated_at) VALUES(1, 43, 5, now(), now());
insert into rate (user_id, product_id, score, created_at, updated_at) VALUES(1, 40, 8, now(), now());
insert into rate (user_id, product_id, score, created_at, updated_at) VALUES(1, 84, 3, now(), now());
insert into rate (user_id, product_id, score, created_at, updated_at) VALUES(2, 34, 9, now(), now());
insert into rate (user_id, product_id, score, created_at, updated_at) VALUES(1, 30, 3, now(), now());
insert into rate (user_id, product_id, score, created_at, updated_at) VALUES(7, 44, 6, now(), now());
insert into rate (user_id, product_id, score, created_at, updated_at) VALUES(4, 90, 3, now(), now());
insert into rate (user_id, product_id, score, created_at, updated_at) VALUES(13, 78, 5, now(), now());
insert into rate (user_id, product_id, score, created_at, updated_at) VALUES(9, 79, 10, now(), now());
insert into rate (user_id, product_id, score, created_at, updated_at) VALUES(12, 89, 3, now(), now());
insert into rate (user_id, product_id, score, created_at, updated_at) VALUES(10, 81, 1, now(), now());
insert into rate (user_id, product_id, score, created_at, updated_at) VALUES(10, 60, 4, now(), now());
insert into rate (user_id, product_id, score, created_at, updated_at) VALUES(3, 27, 9, now(), now());
insert into rate (user_id, product_id, score, created_at, updated_at) VALUES(1, 72, 4, now(), now());
insert into rate (user_id, product_id, score, created_at, updated_at) VALUES(2, 42, 6, now(), now());
insert into rate (user_id, product_id, score, created_at, updated_at) VALUES(13, 21, 5, now(), now());
insert into rate (user_id, product_id, score, created_at, updated_at) VALUES(11, 2, 9, now(), now());
insert into rate (user_id, product_id, score, created_at, updated_at) VALUES(6, 38, 4, now(), now());
insert into rate (user_id, product_id, score, created_at, updated_at) VALUES(7, 53, 6, now(), now());
insert into rate (user_id, product_id, score, created_at, updated_at) VALUES(9, 88, 4, now(), now());
insert into rate (user_id, product_id, score, created_at, updated_at) VALUES(12, 68, 2, now(), now());
insert into rate (user_id, product_id, score, created_at, updated_at) VALUES(8, 30, 9, now(), now());
insert into rate (user_id, product_id, score, created_at, updated_at) VALUES(4, 78, 3, now(), now());
insert into rate (user_id, product_id, score, created_at, updated_at) VALUES(6, 71, 7, now(), now());
insert into rate (user_id, product_id, score, created_at, updated_at) VALUES(4, 71, 7, now(), now());
insert into rate (user_id, product_id, score, created_at, updated_at) VALUES(11, 80, 7, now(), now());
insert into rate (user_id, product_id, score, created_at, updated_at) VALUES(14, 98, 3, now(), now());
insert into rate (user_id, product_id, score, created_at, updated_at) VALUES(10, 49, 3, now(), now());
insert into rate (user_id, product_id, score, created_at, updated_at) VALUES(2, 81, 6, now(), now());
insert into rate (user_id, product_id, score, created_at, updated_at) VALUES(3, 42, 9, now(), now());
insert into rate (user_id, product_id, score, created_at, updated_at) VALUES(5, 74, 6, now(), now());
insert into rate (user_id, product_id, score, created_at, updated_at) VALUES(12, 3, 9, now(), now());
insert into rate (user_id, product_id, score, created_at, updated_at) VALUES(2, 82, 4, now(), now());
insert into rate (user_id, product_id, score, created_at, updated_at) VALUES(2, 96, 10, now(), now());
insert into rate (user_id, product_id, score, created_at, updated_at) VALUES(6, 81, 3, now(), now());
insert into rate (user_id, product_id, score, created_at, updated_at) VALUES(10, 42, 8, now(), now());
insert into rate (user_id, product_id, score, created_at, updated_at) VALUES(5, 71, 1, now(), now());
insert into rate (user_id, product_id, score, created_at, updated_at) VALUES(8, 32, 2, now(), now());
insert into rate (user_id, product_id, score, created_at, updated_at) VALUES(14, 1, 10, now(), now());
insert into rate (user_id, product_id, score, created_at, updated_at) VALUES(8, 84, 7, now(), now());
insert into rate (user_id, product_id, score, created_at, updated_at) VALUES(7, 45, 6, now(), now());
insert into rate (user_id, product_id, score, created_at, updated_at) VALUES(9, 100, 6, now(), now());
insert into rate (user_id, product_id, score, created_at, updated_at) VALUES(11, 84, 2, now(), now());
insert into rate (user_id, product_id, score, created_at, updated_at) VALUES(5, 3, 5, now(), now());
insert into rate (user_id, product_id, score, created_at, updated_at) VALUES(3, 44, 10, now(), now());
insert into rate (user_id, product_id, score, created_at, updated_at) VALUES(6, 39, 2, now(), now());
insert into rate (user_id, product_id, score, created_at, updated_at) VALUES(7, 20, 7, now(), now());
insert into rate (user_id, product_id, score, created_at, updated_at) VALUES(8, 64, 4, now(), now());
insert into rate (user_id, product_id, score, created_at, updated_at) VALUES(10, 16, 1, now(), now());
insert into rate (user_id, product_id, score, created_at, updated_at) VALUES(3, 14, 6, now(), now());
insert into rate (user_id, product_id, score, created_at, updated_at) VALUES(13, 24, 3, now(), now());
insert into rate (user_id, product_id, score, created_at, updated_at) VALUES(9, 44, 3, now(), now());
insert into rate (user_id, product_id, score, created_at, updated_at) VALUES(7, 86, 6, now(), now());
insert into rate (user_id, product_id, score, created_at, updated_at) VALUES(4, 17, 6, now(), now());
insert into rate (user_id, product_id, score, created_at, updated_at) VALUES(12, 28, 9, now(), now());
insert into rate (user_id, product_id, score, created_at, updated_at) VALUES(5, 9, 10, now(), now());
insert into rate (user_id, product_id, score, created_at, updated_at) VALUES(8, 45, 1, now(), now());
insert into rate (user_id, product_id, score, created_at, updated_at) VALUES(10, 58, 5, now(), now());
insert into rate (user_id, product_id, score, created_at, updated_at) VALUES(4, 56, 8, now(), now());
insert into rate (user_id, product_id, score, created_at, updated_at) VALUES(9, 4, 3, now(), now());
insert into rate (user_id, product_id, score, created_at, updated_at) VALUES(7, 9, 1, now(), now());
insert into rate (user_id, product_id, score, created_at, updated_at) VALUES(8, 55, 5, now(), now());
insert into rate (user_id, product_id, score, created_at, updated_at) VALUES(3, 61, 6, now(), now());
insert into rate (user_id, product_id, score, created_at, updated_at) VALUES(9, 2, 10, now(), now());
insert into rate (user_id, product_id, score, created_at, updated_at) VALUES(13, 34, 6, now(), now());
insert into rate (user_id, product_id, score, created_at, updated_at) VALUES(9, 23, 10, now(), now());
insert into rate (user_id, product_id, score, created_at, updated_at) VALUES(13, 9, 1, now(), now());
insert into rate (user_id, product_id, score, created_at, updated_at) VALUES(9, 61, 6, now(), now());
insert into rate (user_id, product_id, score, created_at, updated_at) VALUES(8, 81, 9, now(), now());
insert into rate (user_id, product_id, score, created_at, updated_at) VALUES(12, 96, 2, now(), now());
insert into rate (user_id, product_id, score, created_at, updated_at) VALUES(5, 8, 4, now(), now());
insert into rate (user_id, product_id, score, created_at, updated_at) VALUES(14, 22, 1, now(), now());
insert into rate (user_id, product_id, score, created_at, updated_at) VALUES(7, 19, 6, now(), now());
insert into rate (user_id, product_id, score, created_at, updated_at) VALUES(12, 93, 9, now(), now());
insert into rate (user_id, product_id, score, created_at, updated_at) VALUES(6, 96, 6, now(), now());
insert into rate (user_id, product_id, score, created_at, updated_at) VALUES(6, 33, 6, now(), now());
insert into rate (user_id, product_id, score, created_at, updated_at) VALUES(1, 22, 6, now(), now());
insert into rate (user_id, product_id, score, created_at, updated_at) VALUES(13, 4, 3, now(), now());
insert into rate (user_id, product_id, score, created_at, updated_at) VALUES(7, 38, 3, now(), now());
insert into rate (user_id, product_id, score, created_at, updated_at) VALUES(3, 14, 3, now(), now());
insert into rate (user_id, product_id, score, created_at, updated_at) VALUES(8, 5, 6, now(), now());
insert into rate (user_id, product_id, score, created_at, updated_at) VALUES(1, 52, 1, now(), now());
insert into rate (user_id, product_id, score, created_at, updated_at) VALUES(5, 89, 5, now(), now());
insert into rate (user_id, product_id, score, created_at, updated_at) VALUES(7, 38, 8, now(), now());
insert into rate (user_id, product_id, score, created_at, updated_at) VALUES(1, 33, 10, now(), now());
insert into rate (user_id, product_id, score, created_at, updated_at) VALUES(2, 8, 4, now(), now());
insert into rate (user_id, product_id, score, created_at, updated_at) VALUES(4, 55, 2, now(), now());
insert into rate (user_id, product_id, score, created_at, updated_at) VALUES(8, 1, 1, now(), now());
insert into rate (user_id, product_id, score, created_at, updated_at) VALUES(11, 94, 3, now(), now());
insert into rate (user_id, product_id, score, created_at, updated_at) VALUES(1, 1, 5, now(), now());
insert into rate (user_id, product_id, score, created_at, updated_at) VALUES(2, 22, 10, now(), now());
insert into rate (user_id, product_id, score, created_at, updated_at) VALUES(11, 88, 6, now(), now());
insert into rate (user_id, product_id, score, created_at, updated_at) VALUES(13, 73, 6, now(), now());
insert into rate (user_id, product_id, score, created_at, updated_at) VALUES(9, 84, 9, now(), now());
insert into rate (user_id, product_id, score, created_at, updated_at) VALUES(10, 53, 3, now(), now());
insert into rate (user_id, product_id, score, created_at, updated_at) VALUES(8, 50, 8, now(), now());
insert into rate (user_id, product_id, score, created_at, updated_at) VALUES(11, 99, 2, now(), now());
insert into rate (user_id, product_id, score, created_at, updated_at) VALUES(7, 11, 6, now(), now());
insert into rate (user_id, product_id, score, created_at, updated_at) VALUES(2, 96, 1, now(), now());
insert into rate (user_id, product_id, score, created_at, updated_at) VALUES(14, 50, 2, now(), now());
insert into rate (user_id, product_id, score, created_at, updated_at) VALUES(2, 51, 5, now(), now());
insert into rate (user_id, product_id, score, created_at, updated_at) VALUES(1, 66, 1, now(), now());
insert into rate (user_id, product_id, score, created_at, updated_at) VALUES(10, 68, 2, now(), now());
insert into rate (user_id, product_id, score, created_at, updated_at) VALUES(3, 44, 6, now(), now());
insert into rate (user_id, product_id, score, created_at, updated_at) VALUES(2, 29, 9, now(), now());
insert into rate (user_id, product_id, score, created_at, updated_at) VALUES(10, 44, 7, now(), now());
insert into rate (user_id, product_id, score, created_at, updated_at) VALUES(10, 83, 6, now(), now());
insert into rate (user_id, product_id, score, created_at, updated_at) VALUES(3, 79, 1, now(), now());
insert into rate (user_id, product_id, score, created_at, updated_at) VALUES(2, 23, 10, now(), now());
insert into rate (user_id, product_id, score, created_at, updated_at) VALUES(12, 48, 8, now(), now());
insert into rate (user_id, product_id, score, created_at, updated_at) VALUES(6, 100, 6, now(), now());
insert into rate (user_id, product_id, score, created_at, updated_at) VALUES(6, 71, 2, now(), now());
insert into rate (user_id, product_id, score, created_at, updated_at) VALUES(1, 53, 7, now(), now());
insert into rate (user_id, product_id, score, created_at, updated_at) VALUES(7, 56, 2, now(), now());
insert into rate (user_id, product_id, score, created_at, updated_at) VALUES(8, 42, 7, now(), now());
insert into rate (user_id, product_id, score, created_at, updated_at) VALUES(9, 75, 4, now(), now());
insert into rate (user_id, product_id, score, created_at, updated_at) VALUES(12, 9, 2, now(), now());
insert into rate (user_id, product_id, score, created_at, updated_at) VALUES(14, 93, 10, now(), now());
insert into rate (user_id, product_id, score, created_at, updated_at) VALUES(5, 58, 4, now(), now());
insert into rate (user_id, product_id, score, created_at, updated_at) VALUES(1, 24, 1, now(), now());
insert into rate (user_id, product_id, score, created_at, updated_at) VALUES(9, 77, 2, now(), now());
insert into rate (user_id, product_id, score, created_at, updated_at) VALUES(9, 29, 6, now(), now());
insert into rate (user_id, product_id, score, created_at, updated_at) VALUES(3, 33, 4, now(), now());
insert into rate (user_id, product_id, score, created_at, updated_at) VALUES(10, 50, 1, now(), now());
insert into rate (user_id, product_id, score, created_at, updated_at) VALUES(9, 5, 8, now(), now());
insert into rate (user_id, product_id, score, created_at, updated_at) VALUES(2, 2, 6, now(), now());
insert into rate (user_id, product_id, score, created_at, updated_at) VALUES(7, 95, 9, now(), now());
insert into rate (user_id, product_id, score, created_at, updated_at) VALUES(11, 60, 7, now(), now());
insert into rate (user_id, product_id, score, created_at, updated_at) VALUES(3, 89, 9, now(), now());
insert into rate (user_id, product_id, score, created_at, updated_at) VALUES(4, 50, 1, now(), now());
insert into rate (user_id, product_id, score, created_at, updated_at) VALUES(5, 46, 2, now(), now());
insert into rate (user_id, product_id, score, created_at, updated_at) VALUES(3, 27, 5, now(), now());
insert into rate (user_id, product_id, score, created_at, updated_at) VALUES(1, 52, 6, now(), now());
insert into rate (user_id, product_id, score, created_at, updated_at) VALUES(7, 45, 4, now(), now());
insert into rate (user_id, product_id, score, created_at, updated_at) VALUES(6, 12, 6, now(), now());
insert into rate (user_id, product_id, score, created_at, updated_at) VALUES(3, 94, 2, now(), now());
insert into rate (user_id, product_id, score, created_at, updated_at) VALUES(9, 72, 3, now(), now());
insert into rate (user_id, product_id, score, created_at, updated_at) VALUES(6, 39, 4, now(), now());
-- select sum(r.score)/count(r.id) as rating from rate r where p.id = r.product_id group by p.id order by p.id asc